{
    "initial_balance": 10000.0,
    "final_portfolio_value": 15859.237250000002,
    "total_trades": 2,
    "metrics": {
        "cumulative_return": 0.5859237250000002,
        "annual_return": 0.0003789438813064372,
        "annual_volatility": 0.0,
        "sharpe_ratio": 0,
        "max_drawdown": -0.35150852080707506,
        "win_rate": 0.0,
        "total_trades": 2
    },
    "trades": [
        {
            "timestamp": 